names(shortlist),med.mz,med.rt,library annotation,putative annotation
M146.17T59.35,146.1652904243,59.354,spermidine,NA
M129.14T58.57,129.1386719224,58.574,spermidine (fragment),NA
M112.11T57.8,112.1118733157,57.797,spermidine (fragment),NA
M251.16T60.64,251.1603435623,60.64,NA,NA
M212.85T65.02,212.8518670443,65.022,NA,NA
M290.85T64.76,290.8471608689,64.761,NA,NA
M148.06T69.65,148.0604999963,69.648,glutamate,NA
M130.05T69.64,130.0500140923,69.642,glutamate (fragment),NA
M179.06T71.32,179.0550223136,71.319,NA,gluconolactone
M197.07T71.57,197.0656209467,71.5745,NA,NA
M116.07T73.51,116.0706306648,73.5065,NA,proline
M242.08T74.02,242.0786558328,74.021,NA,NA
M324.06T75.32,324.0591384846,75.324,CMP,NA
M301.11T76.88,301.1141237605,76.879,NA,NA
M219.1T77.65,219.0973953845,77.6505,NA,Glu Ala
M325.04T78.94,325.0429250104,78.945,CMP,NA
M428.04T80.88,428.0362987317,80.88,ADP,NA
M162.08T82.05,162.0760544703,82.051,NA,NA
M191.05T84.37,191.0483366937,84.372,NA,NA
M308.06T84.63,308.0636323515,84.63,dCMP,NA
M189.12T85.8,189.1231137368,85.7955,NA,NA
M85.06T86.7,85.0586493647,86.7025,NA,NA
M372.55T88.26,372.5455612327,88.2575,NADP (2+),NA
M348.07T90.34,348.0707034127,90.342,AMP,NA
M136.06T90.6,136.0617054297,90.597,AMP (fragment),NA
M695.13T91.88,695.1330793834,91.883,AMP (2+),NA
M316.16T94.47,316.1621512046,94.474,NA,NA
M338.14T94.98,338.1438975748,94.984,NA,NA
M364.07T97.19,364.0659070563,97.1925,GMP,NA
M299.14T96.54,299.1355480184,96.538,NA,NA
M99.09T97.84,99.0916295762,97.84,NA,NA
M254.09T100.71,254.0882322114,100.713,NA,NA
M110.06T100.45,110.0598807493,100.4465,2-aminophenol,NA
M123.06T103.31,123.0552687118,103.314,nicotinamide,NA
M159.11T102.26,159.1127485829,102.259,NA,NA
M317.14T103.57,317.1448305172,103.5685,NA,NA
M290.13T105.39,290.1344348737,105.385,NA,NA
M332.56T107.48,332.5621125836,107.482,NAD (2+),NA
M664.12T108.26,664.1160775756,108.259,NAD,NA
M542.07T108.52,542.0682404639,108.517,NAD (fragment),NA
M278.57T112.67,278.5724719575,112.675,NA,NA
M137.05T112.16,137.0457422741,112.163,hypoxanthine,NA
M332.08T113.21,332.0752928167,113.206,NA,dAMP
M179.07T114.5,179.0671710644,114.504,NA,NA
M202.18T115.29,202.1798448859,115.291,NA,NA
M190.07T117.36,190.0707521355,117.3635,N-acetylglutamate,NA
M535.19T118.41,535.1876000374,118.411,NA,Glu Glu Glu Glu
M180.05T120.87,180.0512661725,120.871,NA,(iso)xanthopterine
M132.1T122.82,132.1020719476,122.821,leucine / isoleucine / norleucine,NA
M307.08T126.2,307.0837625424,126.197,NA,glutathion disulphide (2+)
M182.08T125.93,182.0812097456,125.933,tyrosine,NA
M613.16T127.23,613.1590522147,127.227,glutathion disulfide,NA
M322.11T131.92,322.1067724096,131.923,NA,NA
M304.06T132.18,304.0595422756,132.179,NA,NA
M323.06T135.83,323.0640903301,135.8315,NA,dTMP
M143.08T138.17,143.0812091238,138.173,NA,NA
M98.98T141.84,98.9838873668,141.841,NA,NA
M182.07T141.05,182.0672115436,141.054,NA,NA
M388.11T146.83,388.1100059701,146.8345,NA,NA
M164.06T147.09,164.056651658,147.091,NA,pterine
M193.07T150.49,193.0682544057,150.488,NA,S-(5'-adenosyl)-homocysteine (2+)
M385.13T151.52,385.1290491997,151.5155,S-(5'-adenosyl)-homocysteine,NA
M250.14T156.21,250.1411549442,156.208,NA,NA
M125.57T156.99,125.5742070085,156.985,NA,NA
M664.23T165.1,664.231125987,165.098,NA,NA
M332.62T165.35,332.6199506868,165.353,NA,NA
M351.59T166.13,351.5929657751,166.126,NA,NA
M268.1T171.87,268.1042961712,171.874,adenosine,NA
M314.09T175.26,314.0912668737,175.257,NA,NA
M245.18T210.61,245.1762162698,210.611,NA,NA
M251.15T228.5,251.1504040206,228.502,NA,NA
M166.09T233.22,166.0864136352,233.223,phenylalanine,NA
M120.08T233.48,120.0808364897,233.479,phenylalanine (fragment),NA
M340.06T231.65,340.0627226189,231.646,NA,NA
M320.17T232.69,320.1711354175,232.69,NA,NA
M103.05T235.3,103.0542079223,235.298,phenylalanine (fragment),NA
M397.14T289.26,397.1418412082,289.259,NA,NA
M793.27T273.95,793.2748751821,273.949,NA,NA
M416.12T271.35,416.1156270628,271.349,NA,NA
M174.06T277.59,174.0554084573,277.5915,NA,NA
M262.16T278.37,262.1556437454,278.369,NA,NA
M276.11T276.54,276.1088154883,276.542,NA,NA
M254.16T280.46,254.1617604794,280.458,NA,NA
M244.11T293.5,244.1117911754,293.501,NA,NA
M323.07T305.37,323.0705990927,305.365,NA,NA
M256.18T309.56,256.1764918055,309.563,NA,NA
M911.28T323.37,911.2844371336,323.368,NA,NA
M727.21T324.67,727.205212135,324.673,NA,NA
M1235.4T324.66,1235.3957440561,324.663,NA,NA
M461.66T328.59,461.6627098823,328.5945,NA,NA
M922.32T329.89,922.3165207711,329.8855,NA,NA
M480.64T329.62,480.6359199033,329.623,NA,NA
M479.19T333.77,479.1886852748,333.7745,NA,NA
M472.65T332.73,472.6534692696,332.729,NA,NA
M597.68T335.59,597.678490525,335.586,NA,UDP-muramyl-pentapeptide
M219.13T335.84,219.134379901,335.844,NA,Ser Leu
M382.65T337.93,382.6471598897,337.933,NA,NA
M220.12T336.88,220.1181732363,336.88,NA,panthotenate
M568.14T338.32,568.1384855501,338.3165,NA,NA
M194.08T340.15,194.0787533204,340.1455,NA,NA
M526.18T342.1,526.1834278363,342.098,NA,NA
M1051.36T342.36,1051.3583397026,342.355,NA,NA
M363.77T343.13,363.7746486537,343.133,NA,NA
M194.07T346.78,194.0676016308,346.783,NA,NA
M217.1T347.04,217.1049954445,347.037,NA,NA
M472.85T348.87,472.8507860528,348.868,NA,NA
M708.77T349.12,708.7715047058,349.12,NA,NA
M590.7T351.59,590.7044047317,351.5945,NA,NA
M525.18T352.51,525.1832190572,352.509,NA,NA
M1180.4T351.98,1180.3999738026,351.976,NA,NA
M367.64T355.63,367.6417909605,355.6325,NA,NA
M360.21T355.1,360.2133189694,355.101,NA,Ile Val Glu / Val Ile Glu
M734.27T356.41,734.2747307088,356.408,NA,NA
M235.07T357.45,235.0665174014,357.452,NA,NA
M655.23T359.27,655.2267661039,359.271,NA,NA
M686.76T358.74,686.7595523826,358.743,NA,NA
M666.22T359.78,666.2162612343,359.783,NA,NA
M174.06T360.96,174.0554029881,360.9625,NA,NA
M679.29T361.61,679.2915955058,361.613,NA,NA
M243.08T362.4,243.0771335611,362.403,NA,NA
M215.08T362.66,215.0815293587,362.657,NA,NA
M331.18T363.96,331.17745443,363.958,NA,NA
M693.77T367.08,693.7669173137,367.0845,NA,NA
M719.75T366.82,719.7470546605,366.821,NA,NA
M462.85T367.6,462.8478830881,367.596,NA,NA
M359.64T368.9,359.6449185004,368.901,NA,NA
M188.07T371.25,188.070960478,371.2515,tryptophan (fragment),NA
M205.1T370.99,205.0974821683,370.987,tryptophan,NA
M270.19T371.24,270.192552691,371.243,NA,NA
M304.18T373.32,304.1769232397,373.321,NA,NA
M784.27T374.37,784.2691147242,374.3685,NA,NA
M795.26T374.75,795.2586254784,374.7525,NA,NA
M694.26T376.97,694.2594320331,376.972,NA,NA
M358.2T377.48,358.1984604807,377.48,NA,Ile Pro Glu / Leu Pro Glu
M195.11T378.66,195.1130375216,378.6595,NA,NA
M848.79T380.87,848.7916540192,380.865,NA,NA
M211.09T382.17,211.0874142295,382.172,pyocyanin,NA
M578.85T381.64,578.8462011063,381.64,NA,NA
M732.26T383.07,732.2603651576,383.0745,NA,NA
M298.1T385.29,298.0978436892,385.294,5'-methylthioadenosine,NA
M261.13T385.55,261.131709549,385.55,NA,NA
M913.31T388.16,913.3134160391,388.156,NA,NA
M187.12T391.55,187.1234920672,391.552,NA,NA
M204.12T389.98,204.1234227516,389.976,NA,NA
M243.18T392.85,243.1838679197,392.847,NA,NA
M258.58T397.4,258.5821920372,397.399,NA,NA
M977.84T395.18,977.8352352929,395.184,NA,NA
M516.16T395.97,516.1559736335,395.973,NA,NA
M364.62T397.4,364.6188635624,397.399,NA,NA
M728.23T398.3,728.2285347555,398.302,NA,NA
M188.12T399.72,188.1199048356,399.721,NA,NA
M254.09T400.89,254.0929734408,400.888,NA,NA
M295.13T406.65,295.1292903699,406.651,NA,Glu Phe
M350.62T409.24,350.6212221895,409.24,folic acid (fragment),NA
M268.66T408.73,268.6585096452,408.73,NA,NA
M145.08T410.28,145.076384283,410.283,NA,NA
M190.05T411.45,190.0503528996,411.447,kynurenate,NA
M214.13T411.31,214.1342043999,411.311,NA,NA
M378.2T412.48,378.2036781434,412.4835,NA,Pro Tyr Val
M316.22T413.91,316.2234933118,413.913,NA,Val Val Val
M328.22T437.8,328.2235670081,437.8005,NA,Pro Leu Val
M326.21T414.96,326.2079576479,414.956,NA,NA
M336.19T415.21,336.1919658291,415.21,NA,Phe Val Ala / Val Phe Ala
M295.19T417.02,295.1883492751,417.022,NA,NA
M289.12T417.28,289.1191429532,417.277,NA,NA
M261.12T419.11,261.123896752,419.105,NA,NA
M197.13T423.26,197.1289124772,423.263,NA,NA
M786.17T426.25,786.1663056142,426.25,FAD,NA
M316.21T430.54,316.2128432173,430.543,NA,NA
M231.11T430.8,231.113300427,430.8,NA,NA
M160.08T433.66,160.0762336099,433.661,NA,NA
M457.11T433.91,457.1120687338,433.912,NA,FMN
M204.1T435.6,204.1024863373,435.5955,NA,NA
M195.09T436.77,195.088236628,436.772,caffeine ISTD,NA
M291.15T444.85,291.1460849054,444.849,trimethoprim ISTD,NA
M275.11T445.88,275.1141230101,445.878,NA,NA
M263.14T447.96,263.1395630517,447.961,NA,Pro Phe
M257.15T449.13,257.1455756515,449.128,NA,NA
M120.04T450.56,120.0446784014,450.555,anthranilate (fragment),NA
M138.06T451.33,138.0551394823,451.33,anthranilate,NA
M243.13T457.64,243.134524915,457.636,NA,NA
M360.19T459.98,360.1930351747,459.98,NA,NA
M300.2T461.28,300.1994397911,461.284,NA,NA
M399.26T461.02,399.2607634357,461.021,NA,NA
M291.09T462.05,291.0945730373,462.053,trimethoprim ISTD,NA
M176.07T465.7,176.0707937549,465.699,NA,NA
M159.09T464.27,159.0916474213,464.2655,NA,NA
M277.15T466.47,277.1540210843,466.472,NA,NA
M159.07T466.73,159.0677632887,466.727,NA,NA
M418.14T474.32,418.1392770403,474.322,NA,NA
M231.17T475.37,231.1700652142,475.3675,NA,Leu Val
M491.29T496.41,491.285652977,496.407,NA,NA
M344.25T476.52,344.2541472487,476.5235,NA,Leu Leu Val or isomer
M255.08T482.73,255.076134994,482.732,NA,NA
M211.14T497.45,211.1436797886,497.452,NA,cyclo(Leu Pro)
M342.24T486.25,342.2386277213,486.2485,NA,Pro Ile Leu or isomer
M427.29T485.86,427.2906609522,485.855,NA,NA
M245.59T495.11,245.5914754526,495.109,NA,NA
M232.13T495.36,232.1330765544,495.363,NA,NA
M145.08T508.11,145.0761610754,508.1135,NA,NA
M439.29T506.82,439.2913159239,506.82,NA,NA
M831.14T503.95,831.1424270072,503.955,NA,NA
M187.09T505,187.0864746589,504.999,NA,NA
M163.09T512.64,163.0865528924,512.642,NA,NA
M473.3T511.21,473.2969984711,511.21,NA,NA
M441.31T516.66,441.3069291916,516.656,NA,NA
M245.13T525.64,245.1278046019,525.6355,NA,cyclo(Phe Pro)
M246.13T525.63,246.130803286,525.629,NA,NA
M505.3T526.66,505.300147834,526.663,NA,NA
M311.14T527.97,311.1390013784,527.971,NA,NA
M530.13T538.67,530.1333241332,538.6695,NA,NA
M186.09T531.62,186.0910731545,531.619,NA,NA
M188.11T535.78,188.1070272224,535.785,NA,C3-HQ
M275.03T536.04,275.0306160687,536.042,NA,NA
M321.1T537.6,321.101417394,537.6005,NA,NA
M202.09T545.21,202.0858267549,545.206,NA,NA
M265.57T546.37,265.570722234,546.3745,NA,NA
M243.09T558.67,243.0876006749,558.6665,lumichrome,NA
M204.1T564.12,204.1020824934,564.122,NA,NA
M260.16T583.7,260.1640186332,583.698,NA,C7-QNO
M775.9T572.93,775.9024896367,572.927,NA,NA
M392.25T573.83,392.2540639318,573.8325,NA,Phe Leu Leu or isomer
M263.12T576.07,263.1178066297,576.0655,NA,NA
M200.11T578.31,200.1065525729,578.3135,NA,NA
M202.12T578.44,202.1223669006,578.441,NA,NA
M136.08T584.09,136.0755479857,584.094,NA,NA
M118.06T585.64,118.0646964837,585.638,NA,NA
M323.09T586.42,323.0879867556,586.424,NA,NA
M485.11T612.66,485.1122448748,612.663,NA,NA
M215.12T626.24,215.1175280972,626.2355,NA,NA
M263.12T624.79,263.1177370782,624.788,NA,NA
M224.08T640.69,224.0814964523,640.686,phenanzine-1-carboxamide,NA
M207.05T641.72,207.0547078122,641.716,phenazine-1-carboxamide (fragment),NA
M393.12T645.89,393.1223701656,645.8935,NA,NA
M289.14T649.01,289.1380693482,649.0135,NA,NA
M213.07T652.92,213.0657333881,652.9205,NA,NA
M260.16T651.62,260.1641830012,651.6235,HQNO,NA
M297.14T656.95,297.1358309885,656.953,NA,NA
M186.13T666.88,186.1308068813,666.877,NA,NA
M214.12T663.32,214.1224656556,663.317,NA,C5:1-HQ
M216.14T670.01,216.138444754,670.0075,NA,C5-HQ
M227.08T670.26,227.0815113741,670.2605,NA,NA
M264.18T675.46,264.175020067,675.456,nortriptyline ISTD,NA
M233.13T676.23,233.1326481703,676.232,nortriptyline ISTD (fragment),NA
M191.09T676.49,191.0856915485,676.486,nortriptyline ISTD (fragment),NA
M276.16T680.26,276.1589939328,680.259,nortriptyline ISTD +Na,NA
M232.13T683.77,232.1333093963,683.768,NA,C5-QNO
M1012.42T688.19,1012.4195987793,688.1855,NA,NA
M1012.54T689.35,1012.5449776265,689.3495,NA,NA
M1157.05T687.92,1157.0496882725,687.921,NA,NA
M900.15T689.22,900.151754127,689.215,NA,NA
M1156.91T690.64,1156.9069367314,690.643,NA,NA
M1012.29T689.74,1012.2926052594,689.742,NA,NA
M900.04T690,900.0407868982,689.997,NA,NA
M1156.76T690.25,1156.7628814601,690.251,NA,NA
M1012.67T693.51,1012.6712450991,693.5065,NA,NA
M225.07T698.07,225.0660445789,698.069,phenazine-1-carboxylic acid,NA
M207.06T699.1,207.0555522322,699.097,phenazine-1-carboxylic acid (fragment),NA
M257.06T704.3,257.0558145462,704.295,NA,NA
M226.18T703.76,226.1800271598,703.765,NA,NA
M288.2T705.59,288.1953023923,705.591,NA,C9-QNO
M269.06T708.74,269.0558792733,708.739,"phenazine-1,6-dicarboxylic acid",NA
M325.07T739.09,325.0676488749,739.093,NA,pyochelin
M304.19T717.91,304.19043126,717.913,NA,NA
M206.03T721.29,206.0267827092,721.286,NA,NA
M286.18T728.73,286.1798546282,728.7345,NA,C9:1-QNO
M181.08T724.14,181.0760573022,724.141,NA,NA
M330.19T724.4,330.1930052526,724.396,NA,NA
M185.1T729.78,185.0959588823,729.7755,NA,naproxen (fragment)
M307.02T733.71,307.0207634365,733.7075,NA,NA
M404.23T734.62,404.2336820203,734.6165,NA,NA
M230.15T735.39,230.1536101355,735.389,NA,C6-HQ
M255.08T740.91,255.0762420725,740.91,NA,NA
M317.09T742.2,317.0914788879,742.201,NA,NA
M446.19T745.32,446.1867213877,745.3235,glipizide ISTD,NA
M468.17T744.02,468.1682907936,744.022,glipizide ISTD +Na,NA
M321.1T746.09,321.1019482712,746.094,NA,NA
M913.35T747.39,913.346389766,747.389,NA,NA
M891.36T747.39,891.3640002111,747.389,NA,NA
M328.19T781.65,328.1906726713,781.6505,NA,NA
M929.31T750.51,929.3112885424,750.515,NA,NA
M344.19T754.17,344.1858504586,754.17,NA,NA
M231.1T763.28,231.1017252009,763.279,naproxen ISTD,NA
M185.1T763.53,185.0961316772,763.534,naproxen ISTD (fragment),NA
M250.08T762.76,250.0753976975,762.756,NA,NA
M288.2T765.88,288.1962075129,765.8755,NA,C9-QNO
M258.15T768.47,258.1492962906,768.467,NA,C7:1-QNO
M270.19T766.9,270.1850600959,766.903,NA,C9:1-HQ
M274.27T767.94,274.2740999932,767.941,NA,NA
M328.14T772.12,328.1425110109,772.117,NA,NA
M655.28T772.63,655.2753485401,772.628,NA,NA
M242.15T789.6,242.1541916941,789.603,NA,C7:1-HQ
M309.13T780.23,309.1310069535,780.2255,NA,NA
M353.16T780.48,353.1570872656,780.4815,NA,NA
M113.06T779.69,113.0596072533,779.693,NA,NA
M304.19T786.75,304.1907027317,786.7545,NA,NA
M184.08T792.48,184.0754901394,792.477,NA,NA
M260.16T796.66,260.1647568731,796.662,HQNO,NA
M244.17T796.4,244.1699714875,796.397,HHQ,NA
M312.2T794.57,312.1950640952,794.567,NA,NA
M159.07T795.61,159.0680621143,795.611,HHQ (fragment),NA
M503.33T797.17,503.3270649865,797.17,NA,NA
M519.32T799.12,519.3229124697,799.122,HQNO [2M+H]+,NA
M161.1T800.82,161.095965581,800.819,NA,NA
M302.17T804.83,302.1748891147,804.83,NA,NA
M201.09T806.25,201.0908541992,806.25,NA,NA
M286.18T808.85,286.1804289572,808.854,NA,C9:1-QNO
M276.16T811.73,276.1598014703,811.725,NA,NA
M172.17T813.55,172.1697698919,813.5545,NA,NA
M432.26T815.37,432.2649809357,815.371,NA,NA
M325.07T819.96,325.0674706347,819.961,NA,pyochelin
M272.16T822.08,272.1648115315,822.079,NA,C8:1-QNO
M314.21T825.99,314.2121426694,825.994,NA,C11:1-QNO
M288.2T824.42,288.195610856,824.422,NA,C9-QNO
M284.16T840.09,284.1647662489,840.092,NA,NA
M326.18T833.85,326.1758454894,833.846,NA,NA
M358.2T834.1,358.2021877615,834.098,NA,NA
M274.18T842.43,274.1805844554,842.43,NA,C8-QNO
M358.2T835.92,358.2016384199,835.9235,NA,NA
M258.19T853.38,258.1855350834,853.3785,NA,C8-HQ
M330.21T844.12,330.2068053855,844.122,NA,NA
M286.18T864.03,286.1807815345,864.035,NA,C9:1-QNO
M270.19T873.15,270.1857649998,873.153,NA,C9:1-HQ
M268.17T875.49,268.1697438545,875.494,NA,NA
M256.17T851.43,256.1698703299,851.429,NA,C8:1-HQ
M310.18T853.38,310.1805745313,853.3785,NA,NA
M250.12T856.23,250.1189033959,856.232,NA,NA
M437.19T860.52,437.1946579565,860.521,NA,NA
M415.21T859.73,415.2126356678,859.735,NA,NA
M324.16T867.42,324.1574402967,867.418,NA,NA
M178.05T867.16,178.0500461365,867.161,NA,NA
M302.18T879.54,302.1750918462,879.537,NA,NA
M316.23T869.51,316.2264858116,869.514,NA,C11-QNO
M316.23T871.07,316.2275591245,871.073,NA,C11-QNO
M571.35T875.76,571.3533575466,875.759,NA,NA
M198.09T874.45,198.0913774526,874.453,NA,NA
M346.2T881.21,346.2013976332,881.2065,NA,NA
M452.28T896.1,452.2778980604,896.102,NA,NA
M170.1T885.9,170.0966515139,885.901,NA,NA
M332.22T890.1,332.2218557912,890.103,NA,NA
M314.21T892.19,314.2111682803,892.19,NA,C11:1-QNO
M300.2T925.27,300.1959783203,925.268,NA,C10:1-QNO
M288.2T902.1,288.1964665347,902.098,NA,C9-PQS
M300.2T894.8,300.1969473407,894.8,NA,C10:1-QNO
M474.26T899.22,474.2600244384,899.222,NA,NA
M284.2T904.43,284.2014139992,904.431,NA,C10:1-HQ
M575.38T904.16,575.3849872984,904.165,NA,NA
M184.08T908.6,184.0758718698,908.601,NA,NA
M292.17T907.81,292.1676137512,907.812,NA,NA
M272.2T910.42,272.2017203149,910.423,NA,C9-HQ
M541.38T909.89,541.3787454237,909.894,NA,NA
M543.4T910.68,543.3952048994,910.681,NA,NA
M563.36T910.94,563.3615985816,910.937,NA,NA
M342.24T912.12,342.2433316894,912.116,NA,C13:1-QNO
M646.36T912.5,646.3561906898,912.498,NA,NA
M312.2T929.44,312.1962522993,929.4375,NA,NA
M327.34T917.18,327.3377660247,917.182,NA,NA
M304.19T921.87,304.1914381549,921.866,NA,NA
M286.18T921.6,286.1807547596,921.6015,NA,C9:1-PQS
M360.22T923.7,360.2170004487,923.696,NA,NA
M358.24T929.17,358.2374780908,929.172,NA,NA
M672.37T930.21,672.3713088969,930.213,NA,NA
M499.29T936.54,499.2879195323,936.54,NA,NA
M314.21T944.87,314.211896394,944.8725,NA,C11:1-PQS
M296.2T958.11,296.2015152126,958.1115,NA,NA
M627.42T945.38,627.4163440135,945.379,NA,NA
M298.22T984.33,298.2170860031,984.326,NA,C11:1-HQ
M454.29T963.69,454.2937813919,963.695,NA,PE(16:0/0:0)
M595.43T950.84,595.4255585533,950.838,NA,NA
M289.15T954.48,289.1541065258,954.475,NA,NA
M267.17T955.25,267.1721733074,955.252,NA,NA
M302.21T956.81,302.2119800952,956.812,NA,C10-QNO
M284.2T959.42,284.2006356225,959.422,NA,C10:1-HQ
M330.21T962.26,330.206914678,962.263,NA,NA
M673.38T966.68,673.3775825431,966.676,NA,Rha-Rha-C10-C10 +Na 
M359.28T966.42,359.2798617442,966.418,NA,NA
M480.31T982.77,480.3095438028,982.7665,NA,PE(18:1/0:0)
M500.22T974.72,500.2174304918,974.72,NA,NA
M304.19T977.83,304.1892635655,977.831,NA,NA
M303.19T979.65,303.1859971298,979.651,NA,NA
M505.25T982.5,505.2540445737,982.505,NA,PG(16:1/0:0) +Na
M483.27T981.33,483.2721431846,981.332,NA,PG(16:1/0:0)
M502.29T985.62,502.2911101068,985.618,NA,PE(18:1/0:0) +Na
M959.61T986.65,959.6091281378,986.655,NA,NA
M361.24T989,361.2356606611,989.0045,NA,NA
M328.23T993.95,328.2274876733,993.946,NA,C12:1-QNO
M99.51T1040.17,99.5122880377,1040.166,NA,NA
M312.23T1001.35,312.232705742,1001.353,NA,C12:1-HQ
M340.23T1007.62,340.2275893604,1007.6215,NA,NA
M316.23T1007.37,316.2276353409,1007.3655,NA,C11-PQS
M310.22T1008.4,310.2165731056,1008.396,NA,NA
M324.23T1025.79,324.2326872422,1025.7865,NA,NA
M699.39T1013.83,699.3931806439,1013.834,NA,Rha-Rha-C10-C12:1 / Rha-Rha-C12:1-C10 +Na
M385.3T1014.61,385.2955556008,1014.606,NA,NA
M677.41T1014.86,677.4116593292,1014.8635,NA,Rha-Rha-C10-C12:1 / Rha-Rha-C12:1-C10
M239.66T1017.2,239.6647645404,1017.195,NA,NA
M496.34T1018.23,496.3399705475,1018.233,NA,PC(16:0/0:0)
M527.32T1021.62,527.3198692873,1021.6215,NA,Rha-C10-C10 /Rha-C12-C8 +Na
M359.28T1022.4,359.2802137031,1022.397,NA,NA
M1031.65T1023.18,1031.648958509,1023.1755,NA,NA
M292.66T1025.52,292.6599825213,1025.522,NA,NA
M326.38T1031.82,326.3785623734,1031.818,NA,NA
M342.24T1034.94,342.2436015759,1034.936,NA,NA
M314.21T1034.15,314.2120396213,1034.151,NA,NA
M312.2T1037.01,312.1959527331,1037.011,NA,NA
M326.25T1043.73,326.2485626679,1043.733,NA,C13:1-HQ
M522.36T1043.6,522.3553233821,1043.599,NA,NA
M701.41T1049.33,701.4088842487,1049.328,NA,Rha-Rha-C10-C12 / Rha-Rha-C12-C10 +Na
M387.31T1049.58,387.3113489241,1049.581,NA,NA
M679.43T1051.39,679.4270914272,1051.394,NA,Rha-Rha-C10-C12 / Rha-Rha-C12-C10
M459.23T1054.91,459.2285754999,1054.9125,NA,NA
M341.27T1084.63,341.2666915133,1084.633,NA,NA
M553.34T1072.25,553.3355254256,1072.252,NA,Rha-C10-C12:1 / Rha-C12:1-C10 +Na
M385.29T1079.09,385.2944394364,1079.092,NA,NA
M1083.68T1073.79,1083.6806324309,1073.7945,NA,NA
M381.26T1078.47,381.2623612727,1078.4675,NA,NA
M342.24T1078.72,342.2433294154,1078.7205,NA,C13:1-PQS
M359.28T1078.46,359.2801294373,1078.461,NA,NA
M727.42T1093.9,727.4245857502,1093.896,NA,Rha-Rha-C12:1-C12 / Rha-Rha-C12-C12:1 +Na
M473.35T1082.31,473.3454962673,1082.31,NA,NA
M429.32T1084.63,429.3192796213,1084.6315,cholesteryl acetate,NA
M507.27T1100.59,507.2702727949,1100.587,NA,NA
M485.29T1092.08,485.2888475743,1092.079,NA,NA
M413.33T1095.83,413.3265086999,1095.828,NA,NA
M705.44T1095.83,705.4418717375,1095.827,NA,Rha-Rha-C12:1-C12 / Rha-Rha-C12-C12:1
M326.25T1125.41,326.2481087618,1125.407,NA,C13:1-HQ
M397.26T1099.57,397.2573424379,1099.565,NA,NA
M311.26T1103.98,311.2564697488,1103.976,NA,NA
M555.35T1108.39,555.3507915396,1108.39,NA,Rha-C10-C12 / Rha-C12-C10 +Na
M387.31T1109.17,387.3114563933,1109.168,NA,NA
M577.33T1107.35,577.3310299649,1107.346,NA,NA
M1087.71T1109.95,1087.7120460901,1109.948,NA,NA
M487.36T1112.82,487.3602246229,1112.8165,NA,NA
M443.34T1115.66,443.3350981847,1115.665,NA,NA
M399.31T1118.65,399.3088657233,1118.652,NA,NA
M355.28T1117.75,355.2825145742,1117.752,NA,NA
M99.51T1121.65,99.5125494865,1121.646,NA,NA
M124.09T1369.75,124.0871045451,1369.754,NA,NA
M328.26T1127.63,328.2636888793,1127.635,NA,C13-HQ
M533.29T1139.9,533.285588337,1139.904,NA,NA
M729.44T1131.57,729.4401085332,1131.566,NA,Rha-Rha-C12-C12 +Na
M415.34T1132.34,415.3422941943,1132.3425,NA,NA
M707.46T1132.6,707.4579083536,1132.5985,NA,Rha-Rha-C12-C12
M511.3T1137.29,511.3033201711,1137.291,NA,NA
M581.37T1153.59,581.3668283414,1153.5925,NA,NA
M282.14T1145.42,282.1366689347,1145.424,NA,NA
M555.36T1151.77,555.3582933898,1151.768,NA,Rha-C10-C12 / Rha-C12-C10 +Na
M278.18T1152.3,278.1836281979,1152.301,NA,NA
M387.31T1159.58,387.3111244846,1159.575,NA,NA
M409.29T1159.84,409.2935329422,1159.8355,NA,NA
M755.46T1159.83,755.4554764836,1159.829,NA,NA
M413.32T1163.6,413.3240996603,1163.6035,NA,NA
M369.3T1166.6,369.2980394675,1166.5955,NA,NA
M282.22T1185.24,282.222123232,1185.238,NA,NA
M287.19T1183.15,287.188031241,1183.1535,NA,NA
M583.38T1189.9,583.3815813139,1189.9035,NA,NA
M415.34T1190.29,415.341319649,1190.286,NA,NA
M559.13T1193.82,559.1303156195,1193.8185,NA,NA
M354.32T1200.38,354.3185498337,1200.378,NA,NA
M257.25T1211.04,257.2478042477,1211.0365,NA,NA
M757.47T1212.99,757.4700730198,1212.993,NA,NA
M705.51T1214.43,705.5121900856,1214.429,NA,NA
M661.49T1220.54,661.485604334,1220.5435,NA,NA
M617.46T1226.29,617.4586802639,1226.287,NA,NA
M573.43T1232.94,573.4323375411,1232.942,NA,NA
M354.32T1236.97,354.3177695698,1236.971,NA,NA
M529.41T1240.64,529.4065231039,1240.643,NA,NA
M283.22T1239.08,283.216672378,1239.075,NA,NA
M485.38T1248.74,485.3810208727,1248.743,NA,NA
M123.09T1250.04,123.0917072734,1250.037,NA,NA
M284.29T1262.26,284.2948676171,1262.259,NA,NA
M441.36T1259.15,441.3554503707,1259.15,NA,NA
M633.15T1261.75,633.1491013178,1261.749,NA,NA
M532.36T1262.01,532.3576966453,1262.006,NA,NA
M397.33T1269.79,397.3292758067,1269.791,NA,NA
M488.33T1270.83,488.3317687774,1270.825,NA,NA
M136.11T1272.39,136.1117754326,1272.394,NA,NA
M466.32T1274.46,466.3193642928,1274.465,NA,NA
M122.1T1276.28,122.0965122689,1276.284,NA,NA
M865.62T1277.85,865.6232336243,1277.847,NA,NA
M353.3T1282.53,353.3029135584,1282.529,NA,NA
M821.6T1283.04,821.5963883771,1283.04,NA,NA
M353.29T1284.86,353.2861675757,1284.861,NA,NA
M325.07T1285.12,325.0679067697,1285.116,NA,NA
M777.57T1286.67,777.5715071517,1286.67,NA,NA
M609.34T1288.22,609.3412321361,1288.217,NA,NA
M733.54T1292.1,733.544650616,1292.102,NA,NA
M413.27T1297.03,413.2670813217,1297.025,NA,Bis(2-ethylhexyl)phthalate CONT
M393.3T1294.68,393.2979072358,1294.685,NA,NA
M149.02T1295.98,149.0235191599,1295.9765,NA,NA
M391.29T1297.28,391.2850466006,1297.279,NA,NA
M689.52T1298.05,689.5179733949,1298.052,NA,NA
M645.49T1301.45,645.4914075366,1301.445,NA,NA
M601.46T1307.16,601.464859638,1307.159,NA,NA
M144.98T1409.56,144.9824430818,1409.5565,NA,NA
M265.96T1330.45,265.9629918292,1330.448,NA,NA
M557.44T1313.67,557.438743542,1313.6685,NA,NA
M146.98T1316.52,146.9808030624,1316.521,NA,NA
M513.41T1320.44,513.413578707,1320.437,NA,NA
M469.39T1328.01,469.387155433,1328.01,NA,NA
M284.3T1328.91,284.2957535947,1328.9135,NA,NA
M324.33T1331.38,324.3270005932,1331.38,NA,NA
M311.25T1335.27,311.2494011785,1335.268,NA,NA
M542.42T1359.88,542.420914395,1359.875,NA,NA
M338.34T1339.43,338.3423182907,1339.43,NA,NA
M425.36T1338.38,425.360190882,1338.376,NA,NA
M502.35T1343.85,502.348700057,1343.848,NA,NA
M121.97T1381.09,121.9662876153,1381.089,NA,NA
M146.98T1381.23,146.9807385638,1381.227,NA,NA
M394.35T1366.24,394.3475277834,1366.244,NA,NA
M122.1T1374.68,122.0965253913,1374.6815,NA,NA
M136.11T1448.2,136.1122586963,1448.205,NA,NA
M133.96T1397.35,133.9596479361,1397.351,NA,NA
M122.1T1460.79,122.0965726691,1460.789,NA,NA
M123.09T1417.81,123.0921104076,1417.809,NA,NA
M146.98T1450.82,146.9804928136,1450.815,NA,NA
M469.38T1466.95,469.3779327156,1466.952,NA,NA
M121.97T1468.13,121.9661343358,1468.126,NA,NA
